detector,qualname,module,line,verdict,guards,path
alibi-detect/KSDrift,BaseUnivariateDrift.score,alibi_detect.cd.base,953,no-guard,,site-packages/alibi_detect/cd/base.py
evidently/hellinger,_hellinger_distance,evidently.legacy.calculations.stattests.hellinger_distance,39,smoothing,smoothing,site-packages/evidently/legacy/calculations/stattests/hellinger_distance.py
evidently/jensenshannon,_jensenshannon,evidently.legacy.calculations.stattests.jensenshannon,38,no-guard,,site-packages/evidently/legacy/calculations/stattests/jensenshannon.py
evidently/kl_div,_kl_div,evidently.legacy.calculations.stattests.kl_div,37,no-guard,,site-packages/evidently/legacy/calculations/stattests/kl_div.py
evidently/ks,_ks_stat_test,evidently.legacy.calculations.stattests.ks_stattest,36,no-guard,,site-packages/evidently/legacy/calculations/stattests/ks_stattest.py
evidently/mann_whitney_u,_mannwhitneyu_rank,evidently.legacy.calculations.stattests.mann_whitney_urank_stattest,36,no-guard,,site-packages/evidently/legacy/calculations/stattests/mann_whitney_urank_stattest.py
evidently/psi,_psi,evidently.legacy.calculations.stattests.psi,37,no-guard,,site-packages/evidently/legacy/calculations/stattests/psi.py
evidently/wasserstein,_wasserstein_distance_norm,evidently.legacy.calculations.stattests.wasserstein_distance_norm,37,no-guard,,site-packages/evidently/legacy/calculations/stattests/wasserstein_distance_norm.py
field-psi/zero-guard,FieldPSIZeroGuard.score,driftaudit.adapters.textbook,70,silent-zero,silent-zero|smoothing,driftaudit/adapters/textbook.py
nannyml/hellinger,ContinuousHellingerDistance._calculate,nannyml.drift.univariate.methods,743,explicit,explicit-nan,site-packages/nannyml/drift/univariate/methods.py
nannyml/jensen_shannon,ContinuousJensenShannonDistance._calculate,nannyml.drift.univariate.methods,290,explicit,explicit-nan,site-packages/nannyml/drift/univariate/methods.py
nannyml/kolmogorov_smirnov,KolmogorovSmirnovStatistic._calculate,nannyml.drift.univariate.methods,426,explicit,explicit-nan|explicit-raise,site-packages/nannyml/drift/univariate/methods.py
nannyml/wasserstein,WassersteinDistance._calculate,nannyml.drift.univariate.methods,651,explicit,explicit-nan|explicit-raise,site-packages/nannyml/drift/univariate/methods.py
reference-psi/status,StatusReportingPSI.score,driftaudit.adapters.textbook,121,explicit,explicit-status|smoothing,driftaudit/adapters/textbook.py
river/ADWIN,ADWIN.update,river.drift.adwin,113,no-guard,,site-packages/river/drift/adwin.py
river/KSWIN,KSWIN.update,river.drift.kswin,115,no-guard,,site-packages/river/drift/kswin.py
river/PageHinkley,PageHinkley.update,river.drift.page_hinkley,108,no-guard,,site-packages/river/drift/page_hinkley.py
scipy/anderson_ksamp,anderson_ksamp,scipy.stats._morestats,2596,explicit,explicit-raise,site-packages/scipy/stats/_morestats.py
scipy/ansari,ansari,scipy.stats._morestats,2885,explicit,explicit-raise|smoothing,site-packages/scipy/stats/_axis_nan_policy.py
scipy/brunnermunzel,brunnermunzel,scipy.stats._stats_py,8604,explicit,explicit-raise,site-packages/scipy/stats/_axis_nan_policy.py
scipy/cramervonmises_2samp,cramervonmises_2samp,scipy.stats._hypotests,1633,explicit,explicit-raise,site-packages/scipy/stats/_axis_nan_policy.py
scipy/energy_distance,energy_distance,scipy.stats._stats_py,9687,no-guard,,site-packages/scipy/stats/_stats_py.py
scipy/epps_singleton_2samp,epps_singleton_2samp,scipy.stats._hypotests,32,explicit,explicit-raise,site-packages/scipy/stats/_axis_nan_policy.py
scipy/ks_2samp,ks_2samp,scipy.stats._stats_py,7775,explicit,explicit-raise|smoothing,site-packages/scipy/stats/_axis_nan_policy.py
scipy/mannwhitneyu,mannwhitneyu,scipy.stats._mannwhitneyu,219,smoothing,smoothing,site-packages/scipy/stats/_axis_nan_policy.py
scipy/mood,mood,scipy.stats._morestats,3565,no-guard,,site-packages/scipy/stats/_axis_nan_policy.py
scipy/ranksums,ranksums,scipy.stats._stats_py,8306,no-guard,,site-packages/scipy/stats/_axis_nan_policy.py
scipy/ttest_ind,ttest_ind,scipy.stats._stats_py,6464,explicit,explicit-raise,site-packages/scipy/stats/_axis_nan_policy.py
scipy/wasserstein_distance,wasserstein_distance,scipy.stats._stats_py,9594,no-guard,,site-packages/scipy/stats/_stats_py.py
textbook-psi/clipped,TextbookPSIClipped.score,driftaudit.adapters.textbook,42,smoothing,smoothing,driftaudit/adapters/textbook.py
textbook-psi/equal-width,TextbookPSIEqualWidth.score,driftaudit.adapters.textbook,97,no-guard,,driftaudit/adapters/textbook.py
